{
  "metadata": {
    "phase": 5,
    "experiment": "Gate-Enhanced Neural Layers",
    "environment": "CartPole-v1",
    "num_seeds": 5,
    "seeds": [
      42,
      123,
      456,
      789,
      1024
    ],
    "num_epochs": 50,
    "num_episodes": 100,
    "batch_size": 32,
    "seq_len": 20,
    "bonferroni_alpha": 0.025
  },
  "sample_efficiency": {
    "target_loss": 1.9294489969809852,
    "gate_epochs_to_target": 50,
    "standard_epochs_to_target": 31
  },
  "training_speed": {
    "gate_mean_time": 66.37325682640076,
    "gate_std_time": 9.368670738573455
  },
  "prediction_accuracy": {
    "gate_test_mse_mean": 0.37814770825207233,
    "gate_test_mse_std": 0.36715560132459674,
    "standard_test_mse_mean": 0.005591709384073813,
    "standard_test_mse_std": 0.0012461630739610033
  },
  "final_performance": {
    "gate_loss_mean": 5.683787329991658,
    "gate_loss_std": 0.3702185387173108,
    "standard_loss_mean": 1.8205733835697173,
    "standard_loss_std": 0.16867851059666375
  },
  "stability": {
    "gate_loss_std": 0.3702185387173108,
    "standard_loss_std": 0.16867851059666375
  },
  "computational_cost": {
    "gate_params": 4770578,
    "standard_params": 4735754
  },
  "statistical_tests": {
    "loss_comparison": {
      "p_value": 0.007936507936507936,
      "cohens_d": 12.011330404789202,
      "significant_bonferroni": true,
      "winner": "Standard"
    },
    "mse_comparison": {
      "p_value": 0.007936507936507936,
      "cohens_d": 1.2835089234480677,
      "significant_bonferroni": true,
      "winner": "Standard"
    }
  },
  "confidence_intervals": {
    "gate_loss_ci": [
      5.169841605154078,
      6.1977330548292375
    ],
    "standard_loss_ci": [
      1.5864100710206364,
      2.0547366961187983
    ],
    "gate_mse_ci": [
      -0.1315459778197432,
      0.8878413943238879
    ],
    "standard_mse_ci": [
      0.003861757700585178,
      0.007321661067562448
    ]
  },
  "raw_results": {
    "gate_final_losses": [
      5.92042875289917,
      5.9199360609054565,
      5.692574818929036,
      4.96471631526947,
      5.921280701955159
    ],
    "standard_final_losses": [
      2.086728274822235,
      1.8212257325649261,
      1.6457505226135254,
      1.6392487287521362,
      1.9099136590957642
    ],
    "gate_test_mses": [
      0.15406164899468422,
      0.08887629769742489,
      1.0968687931696575,
      0.3106551170349121,
      0.24027668436368307
    ],
    "standard_test_mses": [
      0.007334522902965546,
      0.0056870863772928715,
      0.004024747759103775,
      0.004401115079720815,
      0.006511074801286061
    ]
  }
}