{
  "metadata": {
    "phase": 5,
    "experiment": "Gate-Enhanced Neural Layers",
    "environment": "CartPole-v1",
    "num_seeds": 5,
    "seeds": [
      42,
      123,
      456,
      789,
      1024
    ],
    "num_epochs": 50,
    "num_episodes": 50,
    "batch_size": 16,
    "seq_len": 20,
    "bonferroni_alpha": 0.025
  },
  "sample_efficiency": {
    "target_loss": 1.8500356908639275,
    "gate_epochs_to_target": 50,
    "standard_epochs_to_target": 35
  },
  "training_speed": {
    "gate_mean_time": 82.38687076568604,
    "gate_std_time": 15.155991112185042
  },
  "prediction_accuracy": {
    "gate_test_mse_mean": 0.07868161431203287,
    "gate_test_mse_std": 0.10559656534523203,
    "standard_test_mse_mean": 0.00509568015501524,
    "standard_test_mse_std": 0.0021996265461408913
  },
  "final_performance": {
    "gate_loss_mean": 2.6611819823582965,
    "gate_loss_std": 0.213773126923734,
    "standard_loss_mean": 2.1530586083730063,
    "standard_loss_std": 1.113350683971244
  },
  "stability": {
    "gate_loss_std": 0.213773126923734,
    "standard_loss_std": 1.113350683971244
  },
  "computational_cost": {
    "gate_params": 4770578,
    "standard_params": 4735754
  },
  "statistical_tests": {
    "loss_comparison": {
      "p_value": 0.15079365079365079,
      "cohens_d": 0.5669380148408207,
      "significant_bonferroni": false,
      "winner": "Standard"
    },
    "mse_comparison": {
      "p_value": 0.015873015873015872,
      "cohens_d": 0.881273690145624,
      "significant_bonferroni": true,
      "winner": "Standard"
    }
  },
  "confidence_intervals": {
    "gate_loss_ci": [
      2.364417306423182,
      2.957946658293411
    ],
    "standard_loss_ci": [
      0.6074800799327156,
      3.6986371368132973
    ],
    "gate_mse_ci": [
      -0.06790991917720159,
      0.22527314780126734
    ],
    "standard_mse_ci": [
      0.0020421089763672314,
      0.00814925133366325
    ]
  },
  "raw_results": {
    "gate_final_losses": [
      2.667473077774048,
      2.4160748720169067,
      2.6334168910980225,
      2.5374958515167236,
      3.0514492193857827
    ],
    "standard_final_losses": [
      1.5292590061823528,
      1.6923148930072784,
      4.369602918624878,
      1.4411879479885101,
      1.7329282760620117
    ],
    "gate_test_mses": [
      0.2872241586446762,
      0.054800948748985924,
      0.009079198352992535,
      0.010450065756837526,
      0.031853700056672096
    ],
    "standard_test_mses": [
      0.003245032101403922,
      0.00347588878745834,
      0.005430516165991624,
      0.00922424765303731,
      0.004102716067185004
    ]
  }
}