{
  "sample_efficiency": {
    "standard": {
      "steps_to_target": 194,
      "final_loss": 1.0022869804620744,
      "target_loss": 1.0524013294851782,
      "total_steps": 10000,
      "efficiency_ratio": 0.0194
    },
    "amplitude": {
      "steps_to_target": 242,
      "final_loss": 1.002314565944672,
      "target_loss": 1.0524302942419055,
      "total_steps": 10000,
      "efficiency_ratio": 0.0242
    },
    "interference": {
      "steps_to_target": 168,
      "final_loss": 1.0023548692703246,
      "target_loss": 1.0524726127338409,
      "total_steps": 10000,
      "efficiency_ratio": 0.0168
    }
  },
  "test_set_evaluation": {
    "test_seed": 9999,
    "n_test_episodes": 100,
    "results": {
      "standard": {
        "obs_mse": 0.001698414095116254,
        "obs_std": 0.0010494006130376242,
        "reward_mse": 4.95272064281147e-06,
        "reward_std": 2.866123188312468e-06,
        "overall_mse": 0.0017033668157590653,
        "n_episodes": 39.0
      },
      "amplitude": {
        "obs_mse": 0.0017008822491893975,
        "obs_std": 0.0006417860993015098,
        "reward_mse": 7.29482075292673e-06,
        "reward_std": 4.203250836931243e-06,
        "overall_mse": 0.0017081770699423242,
        "n_episodes": 39.0
      },
      "interference": {
        "obs_mse": 0.001651536639726076,
        "obs_std": 0.0009213210062630855,
        "reward_mse": 4.920800372532633e-06,
        "reward_std": 2.2780037256712345e-06,
        "overall_mse": 0.0016564574400986087,
        "n_episodes": 39.0
      }
    }
  },
  "training_metrics": {
    "standard": {
      "final_loss": 1.002243617773056
    },
    "amplitude": {
      "final_loss": 1.0023007214069366
    },
    "interference": {
      "final_loss": 1.0023356691002845
    }
  }
}