{
  "metadata": {
    "environment": "CartPole-v1",
    "num_seeds": 5,
    "seeds": [
      42,
      123,
      456,
      789,
      1024
    ],
    "num_steps": 10000,
    "batch_size": 32,
    "seq_len": 20,
    "bonferroni_alpha": 0.016666666666666666,
    "model_params": 4734214,
    "version": "multi_seed_v1"
  },
  "aggregated_results": {
    "standard": {
      "final_losses": [
        1.003498259782791,
        1.0137229669094086,
        1.002779929637909,
        1.002733062505722,
        1.003102377653122
      ],
      "times": [
        693.7118098735809,
        691.0087471008301,
        745.7932748794556,
        727.8591947555542,
        729.4270977973938
      ],
      "mean_loss": 1.0051673192977906,
      "std_loss": 0.004286585709688369,
      "mean_time": 717.5600248813629,
      "std_time": 21.53009259609933
    },
    "amplitude": {
      "final_losses": [
        1.0034112858772277,
        1.0034905433654786,
        1.003228110074997,
        1.0028109669685363,
        1.0045528793334961
      ],
      "times": [
        709.8207688331604,
        704.7897486686707,
        770.5867691040039,
        746.8118050098419,
        746.4004962444305
      ],
      "mean_loss": 1.0034987571239473,
      "std_loss": 0.0005770957356419758,
      "mean_time": 735.6819175720215,
      "std_time": 24.820298536687925
    },
    "interference": {
      "final_losses": [
        1.003366265296936,
        1.0035006827116013,
        1.0030255874991416,
        1.0038026747107507,
        1.0036168450117111
      ],
      "times": [
        3364.148619890213,
        3359.63033246994,
        3610.5417733192444,
        3528.2118697166443,
        3543.108938932419
      ],
      "mean_loss": 1.0034624110460282,
      "std_loss": 0.00026120978077237247,
      "mean_time": 3481.128306865692,
      "std_time": 101.24456616412269
    }
  },
  "comparisons": {
    "amplitude_vs_standard": {
      "method1": "amplitude",
      "method2": "standard",
      "mean1": 1.0034987571239473,
      "mean2": 1.0051673192977906,
      "std1": 0.0005770957356419758,
      "std2": 0.004286585709688369,
      "p_value": 0.6904761904761905,
      "cohens_d": -0.5455635873145923,
      "ci_95_lower": -0.005459817946363018,
      "ci_95_upper": 0.002122693598676502,
      "significant_raw": false,
      "significant_bonferroni": false,
      "winner": "amplitude"
    },
    "interference_vs_standard": {
      "method1": "interference",
      "method2": "standard",
      "mean1": 1.0034624110460282,
      "mean2": 1.0051673192977906,
      "std1": 0.00026120978077237247,
      "std2": 0.004286585709688369,
      "p_value": 0.42063492063492064,
      "cohens_d": -0.5614352377328259,
      "ci_95_lower": -0.0054692358582569284,
      "ci_95_upper": 0.002059419354732141,
      "significant_raw": false,
      "significant_bonferroni": false,
      "winner": "interference"
    },
    "interference_vs_amplitude": {
      "method1": "interference",
      "method2": "amplitude",
      "mean1": 1.0034624110460282,
      "mean2": 1.0034987571239473,
      "std1": 0.00026120978077237247,
      "std2": 0.0005770957356419758,
      "p_value": 0.6904761904761905,
      "cohens_d": -0.08114358377418528,
      "ci_95_lower": -0.0005915971880851069,
      "ci_95_upper": 0.0005189050322468348,
      "significant_raw": false,
      "significant_bonferroni": false,
      "winner": "interference"
    }
  }
}