{
  "metadata": {
    "environment": "CartPole-v1",
    "num_seeds": 5,
    "seeds": [
      42,
      123,
      456,
      789,
      1024
    ],
    "num_steps": 10000,
    "batch_size": 32,
    "seq_len": 20,
    "bonferroni_alpha": 0.016666666666666666,
    "model_params": 4734214,
    "version": "multi_seed_v1"
  },
  "aggregated_results": {
    "standard": {
      "final_losses": [
        1.004090017080307,
        1.0047838973999024,
        1.0030393028259277,
        1.0043954634666443,
        1.0038345205783843
      ],
      "times": [
        896.0205538272858,
        687.6616752147675,
        1155.8116493225098,
        701.7294323444366,
        719.4635856151581
      ],
      "mean_loss": 1.004028640270233,
      "std_loss": 0.0005874028831432009,
      "mean_time": 832.1373792648316,
      "std_time": 178.5614395919294
    },
    "amplitude": {
      "final_losses": [
        1.0111998510360718,
        1.0035132241249085,
        1.0037300324440002,
        1.0033782541751861,
        1.0070504474639892
      ],
      "times": [
        740.9622530937195,
        705.7605926990509,
        777.132422208786,
        722.7191910743713,
        742.2015151977539
      ],
      "mean_loss": 1.005774361848831,
      "std_loss": 0.003036369079139812,
      "mean_time": 737.7551948547364,
      "std_time": 23.792255034011472
    },
    "interference": {
      "final_losses": [
        1.0029479494690896,
        1.003654356598854,
        1.0033026918768884,
        1.003115412890911,
        1.0041445451974869
      ],
      "times": [
        4474.330279588699,
        5393.895936012268,
        3374.0046977996826,
        3396.8641743659973,
        3418.538229942322
      ],
      "mean_loss": 1.0034329912066462,
      "std_loss": 0.0004262419753804344,
      "mean_time": 4011.526663541794,
      "std_time": 807.5904292749967
    }
  },
  "comparisons": {
    "amplitude_vs_standard": {
      "method1": "amplitude",
      "method2": "standard",
      "mean1": 1.005774361848831,
      "mean2": 1.004028640270233,
      "std1": 0.003036369079139812,
      "std2": 0.0005874028831432009,
      "p_value": 1.0,
      "cohens_d": 0.7982832948610623,
      "ci_95_lower": -0.0009651191751665106,
      "ci_95_upper": 0.004456562332362694,
      "significant_raw": false,
      "significant_bonferroni": false,
      "winner": "standard"
    },
    "interference_vs_standard": {
      "method1": "interference",
      "method2": "standard",
      "mean1": 1.0034329912066462,
      "mean2": 1.004028640270233,
      "std1": 0.0004262419753804344,
      "std2": 0.0005874028831432009,
      "p_value": 0.2222222222222222,
      "cohens_d": -1.1606833527401679,
      "ci_95_lower": -0.0012318038143828997,
      "ci_95_upper": 4.050568720934285e-05,
      "significant_raw": false,
      "significant_bonferroni": false,
      "winner": "interference"
    },
    "interference_vs_amplitude": {
      "method1": "interference",
      "method2": "amplitude",
      "mean1": 1.0034329912066462,
      "mean2": 1.005774361848831,
      "std1": 0.0004262419753804344,
      "std2": 0.003036369079139812,
      "p_value": 0.15079365079365079,
      "cohens_d": -1.079923699707514,
      "ci_95_lower": -0.005028961551209798,
      "ci_95_upper": 0.0003462202668400574,
      "significant_raw": false,
      "significant_bonferroni": false,
      "winner": "interference"
    }
  }
}