{
  "metadata": {
    "environment": "CartPole-v1",
    "num_seeds": 5,
    "seeds": [
      42,
      123,
      456,
      789,
      1024
    ],
    "num_steps": 5000,
    "batch_size": 32,
    "seq_len": 20,
    "bonferroni_alpha": 0.016666666666666666,
    "model_params": 4734214,
    "version": "multi_seed_v1"
  },
  "aggregated_results": {
    "standard": {
      "final_losses": [
        1.0063223588466643,
        1.0059184372425078,
        1.0520895028114319,
        1.0064736092090607,
        1.0080688655376435
      ],
      "times": [
        381.02253890037537,
        385.3527069091797,
        371.4268755912781,
        366.03485465049744,
        351.66771697998047
      ],
      "mean_loss": 1.0157745547294617,
      "std_loss": 0.018172219163404172,
      "mean_time": 371.1009386062622,
      "std_time": 11.874111305671951
    },
    "amplitude": {
      "final_losses": [
        1.0066420781612395,
        1.0049560785293579,
        1.005354083776474,
        1.0060961043834686,
        1.0339936184883118
      ],
      "times": [
        388.5970141887665,
        389.0762617588043,
        380.60539627075195,
        386.3658571243286,
        361.21144366264343
      ],
      "mean_loss": 1.0114083926677704,
      "std_loss": 0.011307675269899967,
      "mean_time": 381.17119460105897,
      "std_time": 10.424290741556137
    },
    "interference": {
      "final_losses": [
        1.0048201569914819,
        1.0038640689849854,
        1.003157743215561,
        1.0047181302309036,
        1.0055846124887466
      ],
      "times": [
        1785.8852152824402,
        1826.2503554821014,
        1805.6337530612946,
        1771.9964480400085,
        1712.015680551529
      ],
      "mean_loss": 1.0044289423823358,
      "std_loss": 0.0008375298387118552,
      "mean_time": 1780.3562904834748,
      "std_time": 38.7714076542336
    }
  },
  "comparisons": {
    "amplitude_vs_standard": {
      "method1": "amplitude",
      "method2": "standard",
      "mean1": 1.0114083926677704,
      "mean2": 1.0157745547294617,
      "std1": 0.011307675269899967,
      "std2": 0.018172219163404172,
      "p_value": 0.42063492063492064,
      "cohens_d": -0.28849479953854024,
      "ci_95_lower": -0.023126814156685025,
      "ci_95_upper": 0.014394490033302485,
      "significant_raw": false,
      "significant_bonferroni": false,
      "winner": "amplitude"
    },
    "interference_vs_standard": {
      "method1": "interference",
      "method2": "standard",
      "mean1": 1.0044289423823358,
      "mean2": 1.0157745547294617,
      "std1": 0.0008375298387118552,
      "std2": 0.018172219163404172,
      "p_value": 0.007936507936507936,
      "cohens_d": -0.8820114215241156,
      "ci_95_lower": -0.02729117317724045,
      "ci_95_upper": 0.004599948482988784,
      "significant_raw": true,
      "significant_bonferroni": true,
      "winner": "interference"
    },
    "interference_vs_amplitude": {
      "method1": "interference",
      "method2": "amplitude",
      "mean1": 1.0044289423823358,
      "mean2": 1.0114083926677704,
      "std1": 0.0008375298387118552,
      "std2": 0.011307675269899967,
      "p_value": 0.031746031746031744,
      "cohens_d": -0.8705122340516834,
      "ci_95_lower": -0.016918214924206386,
      "ci_95_upper": 0.002959314353337258,
      "significant_raw": true,
      "significant_bonferroni": false,
      "winner": "interference"
    }
  }
}