{
  "metadata": {
    "phase": 6,
    "experiment": "Error Correction Ensemble",
    "environment": "CartPole-v1",
    "num_seeds": 5,
    "seeds": [
      42,
      123,
      456,
      789,
      1024
    ],
    "num_epochs": 50,
    "num_episodes": 50,
    "batch_size": 16,
    "seq_len": 20,
    "num_ensemble_models": 5,
    "correction_method": "weighted",
    "bonferroni_alpha": 0.025
  },
  "sample_efficiency": {
    "target_loss": 2.0182798437277474,
    "ensemble_epochs_to_target": 28.0,
    "single_epochs_to_target": 24.6
  },
  "training_speed": {
    "ensemble_mean_time": 35.728067111969,
    "ensemble_std_time": 5.464155295342505
  },
  "prediction_accuracy": {
    "ensemble_test_mse_mean": 0.004554810933768749,
    "ensemble_test_mse_std": 0.002078303210081876,
    "single_test_mse_mean": 0.006054325099103153,
    "single_test_mse_std": 0.0031746730735856756
  },
  "final_performance": {
    "ensemble_loss_mean": 1.5835579641660054,
    "ensemble_loss_std": 0.09224523106665529,
    "single_loss_mean": 2.1245050986607867,
    "single_loss_std": 0.2826439851713365
  },
  "stability": {
    "ensemble_loss_std": 0.09224523106665529,
    "single_loss_std": 0.2826439851713365
  },
  "robustness": {
    "mean_robustness_score": 0.09619141007497092
  },
  "computational_cost": {
    "ensemble_params": 20885805,
    "single_params": 4177161
  },
  "statistical_tests": {
    "loss_comparison": {
      "p_value": 0.031746031746031744,
      "cohens_d": -2.3014234384932677,
      "significant_bonferroni": false,
      "winner": "Ensemble"
    },
    "mse_comparison": {
      "p_value": 0.5476190476190477,
      "cohens_d": -0.4998746209376762,
      "significant_bonferroni": false,
      "winner": "Ensemble"
    }
  },
  "confidence_intervals": {
    "ensemble_loss_ci": [
      1.5027014541180403,
      1.6644144742139704
    ],
    "single_loss_ci": [
      1.8767567222651629,
      2.372253475056411
    ],
    "ensemble_mse_ci": [
      0.002733097849573902,
      0.0063765240179635965
    ],
    "single_mse_ci": [
      0.003271601457943854,
      0.008837048740262452
    ]
  },
  "raw_results": {
    "ensemble_final_losses": [
      1.4648190577824909,
      1.6731262286504112,
      1.5947111924489337,
      1.4922227541605633,
      1.6929105877876283
    ],
    "single_final_losses": [
      2.1145527760187783,
      2.3928822676340737,
      1.6040408611297607,
      2.360637625058492,
      2.1504119634628296
    ],
    "ensemble_test_mses": [
      0.0032799821346998215,
      0.005236478056758642,
      0.00834199320524931,
      0.002779995556920767,
      0.003135605715215206
    ],
    "single_test_mses": [
      0.007428745273500681,
      0.010553231462836266,
      0.0036876387894153595,
      0.0014274975983425975,
      0.00717451237142086
    ]
  }
}