{
  "metadata": {
    "phase": 6,
    "experiment": "Error Correction Ensemble",
    "environment": "CartPole-v1",
    "num_seeds": 5,
    "seeds": [
      42,
      123,
      456,
      789,
      1024
    ],
    "num_epochs": 50,
    "num_episodes": 50,
    "batch_size": 32,
    "seq_len": 20,
    "num_ensemble_models": 5,
    "correction_method": "weighted",
    "bonferroni_alpha": 0.025
  },
  "sample_efficiency": {
    "target_loss": 1.5236340264479318,
    "ensemble_epochs_to_target": 49.4,
    "single_epochs_to_target": 47.4
  },
  "training_speed": {
    "ensemble_mean_time": 37.11105928421021,
    "ensemble_std_time": 0.33304067522147823
  },
  "prediction_accuracy": {
    "ensemble_test_mse_mean": 0.0022323479410260917,
    "ensemble_test_mse_std": 0.0012119428155705455,
    "single_test_mse_mean": 0.00456749303266406,
    "single_test_mse_std": 0.001500715552239059
  },
  "final_performance": {
    "ensemble_loss_mean": 1.729253611564636,
    "ensemble_loss_std": 0.12767959039963764,
    "single_loss_mean": 1.603825290997823,
    "single_loss_std": 0.14510047940031984
  },
  "stability": {
    "ensemble_loss_std": 0.12767959039963764,
    "single_loss_std": 0.14510047940031984
  },
  "robustness": {
    "mean_robustness_score": 0.09187164083123207
  },
  "computational_cost": {
    "ensemble_params": 20888365,
    "single_params": 4177673
  },
  "statistical_tests": {
    "loss_comparison": {
      "p_value": 0.42063492063492064,
      "cohens_d": 0.8208694559725384,
      "significant_bonferroni": false,
      "winner": "Single"
    },
    "mse_comparison": {
      "p_value": 0.031746031746031744,
      "cohens_d": -1.5312524448694491,
      "significant_bonferroni": false,
      "winner": "Ensemble"
    }
  },
  "confidence_intervals": {
    "ensemble_loss_ci": [
      1.6173375161232517,
      1.8411697070060202
    ],
    "single_loss_ci": [
      1.4766391130791092,
      1.7310114689165368
    ],
    "ensemble_mse_ci": [
      0.0011700332250064655,
      0.0032946626570457176
    ],
    "single_mse_ci": [
      0.0032520578527025727,
      0.005882928212625548
    ]
  },
  "raw_results": {
    "ensemble_final_losses": [
      1.6752327680587769,
      1.5271671851476034,
      1.9100941340128579,
      1.733590006828308,
      1.8001839637756347
    ],
    "single_final_losses": [
      1.5284953117370605,
      1.803396463394165,
      1.3809479077657063,
      1.602013111114502,
      1.7042736609776814
    ],
    "ensemble_test_mses": [
      0.0013730240752920508,
      0.0010336103150621057,
      0.004493430722504854,
      0.001997583080083132,
      0.0022640915121883154
    ],
    "single_test_mses": [
      0.005686704069375992,
      0.002787466160953045,
      0.005822057835757732,
      0.0026754061691462994,
      0.0058658309280872345
    ]
  }
}