{
  "metadata": {
    "phase": 6,
    "experiment": "Error Correction Ensemble",
    "environment": "CartPole-v1",
    "num_seeds": 5,
    "seeds": [
      42,
      123,
      456,
      789,
      1024
    ],
    "num_epochs": 50,
    "num_episodes": 50,
    "batch_size": 16,
    "seq_len": 20,
    "num_ensemble_models": 5,
    "correction_method": "weighted",
    "bonferroni_alpha": 0.025
  },
  "sample_efficiency": {
    "target_loss": 1.7908566335837044,
    "ensemble_epochs_to_target": 34.4,
    "single_epochs_to_target": 35.0
  },
  "training_speed": {
    "ensemble_mean_time": 76.20081925392151,
    "ensemble_std_time": 6.8595507102274365
  },
  "prediction_accuracy": {
    "ensemble_test_mse_mean": 0.0025927275186404587,
    "ensemble_test_mse_std": 0.000742223084868698,
    "single_test_mse_mean": 0.003963970066979528,
    "single_test_mse_std": 0.0022313811641253597
  },
  "final_performance": {
    "ensemble_loss_mean": 1.6136060984929401,
    "ensemble_loss_std": 0.22150939259102828,
    "single_loss_mean": 1.8851122458775837,
    "single_loss_std": 0.3422517815441058
  },
  "stability": {
    "ensemble_loss_std": 0.22150939259102828,
    "single_loss_std": 0.3422517815441058
  },
  "robustness": {
    "mean_robustness_score": 0.09571046791776704
  },
  "computational_cost": {
    "ensemble_params": 20885805,
    "single_params": 4177161
  },
  "statistical_tests": {
    "loss_comparison": {
      "p_value": 0.30952380952380953,
      "cohens_d": -0.842404407410004,
      "significant_bonferroni": false,
      "winner": "Ensemble"
    },
    "mse_comparison": {
      "p_value": 0.42063492063492064,
      "cohens_d": -0.7375872390511766,
      "significant_bonferroni": false,
      "winner": "Ensemble"
    }
  },
  "confidence_intervals": {
    "ensemble_loss_ci": [
      1.419444555173555,
      1.8077676418123252
    ],
    "single_loss_ci": [
      1.5851153322879967,
      2.1851091594671708
    ],
    "ensemble_mse_ci": [
      0.001942140299923945,
      0.003243314737356972
    ],
    "single_mse_ci": [
      0.0020080782400343357,
      0.005919861893924719
    ]
  },
  "raw_results": {
    "ensemble_final_losses": [
      1.44134152730306,
      2.0308562676111857,
      1.5393682479858397,
      1.4246208985646565,
      1.6318435509999591
    ],
    "single_final_losses": [
      1.417762041091919,
      1.7457828919092815,
      2.4414422512054443,
      1.774121840794881,
      2.046452204386393
    ],
    "ensemble_test_mses": [
      0.0020179408602416515,
      0.0038151396438479424,
      0.0026188362389802933,
      0.0016633387422189116,
      0.002848382107913494
    ],
    "single_test_mses": [
      0.0024920329451560974,
      0.003030118066817522,
      0.0034450069069862366,
      0.0024843893479555845,
      0.008368303067982197
    ]
  }
}